Name, Distance1, puV1, Distance2, puV2, Color, Thickness, Linetype, Markcenter, Centercode, NodeCode, NodeWidth,Title=L-N Voltage Profile, Distance in km
650632,0,1.05605,0.6096,1.01324,1,2,0,0,0,16,1,,
650632,0,1.03742,0.6096,1.04486,2,2,0,0,0,16,1,,
650632,0,1.05607,0.6096,1.0091,3,2,0,0,0,16,1,,
632633,0.6096,1.01324,0.762,1.01018,1,2,0,0,0,16,1,,
632633,0.6096,1.04486,0.762,1.04298,2,2,0,0,0,16,1,,
632633,0.6096,1.0091,0.762,1.00646,3,2,0,0,0,16,1,,
632670,0.6096,1.01324,0.812902,1.00326,1,2,0,0,0,16,1,,
632670,0.6096,1.04486,0.812902,1.05336,2,2,0,0,0,16,1,,
632670,0.6096,1.0091,0.812902,0.996847,3,2,0,0,0,16,1,,
670671,0.812902,1.00326,1.2192,0.983895,1,2,0,0,0,16,1,,
670671,0.812902,1.05336,1.2192,1.07323,2,2,0,0,0,16,1,,
670671,0.812902,0.996847,1.2192,0.977011,3,2,0,0,0,16,1,,
671692,1.2192,0.983895,1.2202,0.983895,1,2,0,0,0,16,1,,
671692,1.2192,1.07323,1.2202,1.07323,2,2,0,0,0,16,1,,
671692,1.2192,0.977011,1.2202,0.977011,3,2,0,0,0,16,1,,
692675,1.2202,0.983895,1.3726,0.97501,1,2,0,0,0,16,1,,
692675,1.2202,1.07323,1.3726,1.07458,2,2,0,0,0,16,1,,
692675,1.2202,0.977011,1.3726,0.974576,3,2,0,0,0,16,1,,
671680,1.2192,0.983895,1.524,0.983895,1,2,0,0,0,16,1,,
671680,1.2192,1.07323,1.524,1.07323,2,2,0,0,0,16,1,,
671680,1.2192,0.977011,1.524,0.977011,3,2,0,0,0,16,1,,
