Name, Distance1, puV1, Color
650632,0,1.05605,1
632633,0.6096,1.01324,1
632670,0.6096,1.01324,1
670671,0.812902,1.00326,1
671692,1.2192,0.983895,1
692675,1.2202,0.983895,1
671680,1.2192,0.983895,1
650632,0,1.03742,2
632633,0.6096,1.04486,2
632670,0.6096,1.04486,2
670671,0.812902,1.05336,2
671692,1.2192,1.07323,2
692675,1.2202,1.07323,2
671680,1.2192,1.07323,2
650632,0,1.05607,3
632633,0.6096,1.0091,3
632670,0.6096,1.0091,3
670671,0.812902,0.996847,3
671692,1.2192,0.977011,3
692675,1.2202,0.977011,3
671680,1.2192,0.977011,3
